name,mobile,Category,Raw Phone,,Rating,Address
Walton Plaza -Shagufta,1686694282,Electronics storeCloses soon,01686-694282,,4,Walton Plaza -Shagufta4.0(60)Electronics storeCloses soon
??????? ???????? ?????,,Cell phone store,,,4,??????? ???????? ?????4.0(2)Cell phone store
Moushumi Mobile Corner,1682821976,Moushumi Mobile CornerNo reviewsCell phone store,01682-821976,,,"6/A, 35/C, Purobi Super Market, Main Road- 3, Section- 7, Mirpur, PallabiOpen"
TECNO,1319479666,Cell phone store,01319-479666,,3.5,TECNO3.5(4)Cell phone store
Phone shop,,Phone shopNo reviewsCell phone accessory store,,,,R93F+GGH Dewan Market
Russell Showroom-2,1717570518,Cell phone store,01717-570518,,4,Russell Showroom-24.0(1)Cell phone store
Kazi mobile Infinix,1804811924,Cell phone store,01804-811924,,2.3,Kazi mobile Infinix2.3(3)Cell phone store
Walton Mirpur 10,1676005319,Electronics store,01676-005319,,4.1,Walton Mirpur 104.1(17)Electronics store
Shah Ali plaza Market,,Public bathroom,,,3.8,Shah Ali plaza Market3.8(575)Public bathroom
vivo Authorized Brand Shop-Mobile Touch,1864000088,Cell phone store,01864-000088,,3.9,vivo Authorized Brand Shop-Mobile Touch3.9(508)Cell phone store
?????? ??????,1936440940,Cell phone store,01936-440940,,4.1,?????? ??????4.1(10)Cell phone store
Mee Mobile,1678694817,Cell phone store,01678-694817,,4,Mee Mobile4.0(1)Cell phone store
Symphony Exprience Outlet,1860947575,Cell phone store,01860-947575,,3.9,Symphony Exprience Outlet3.9(21)Cell phone store
Mirpur-2 pirerbag,,Cell phone store,,,5,Mirpur-2 pirerbag5.0(1)Cell phone store
"Walton Plaza, Proshikar Mor",1686691943,Electronics store,01686-691943,,4,"Walton Plaza, Proshikar Mor4.0(179)Electronics store"
Mobile Point BD,1840070770,Cell phone store,01840-070770,,4,Mobile Point BD4.0(7)Cell phone store
Walton Smart Point,1708108675,Cell phone store,01708-108675,,5,Walton Smart Point5.0(1)Cell phone store
Mobile & Gadget world,1316346798,Cell phone store,01316-346798,,4.4,Mobile & Gadget world4.4(8)Cell phone store
"Xiaomi Authorised Service Center, Mirpur",1708464135,Mobile phone repair shop,01708-464135,,4.2,"Xiaomi Authorised Service Center, Mirpur4.2(1,062)Mobile phone repair shop"
Asian Telecom,1777162646,Cell phone store,01777-162646,,4.3,Asian Telecom4.3(3)Cell phone store
Walton Plaza -Mirpur-02,1686691943,Electronics store,01686-691943,,4,Walton Plaza -Mirpur-024.0(190)Electronics store
Vivo Authorized Brand Shop- Mobile Touch,1405089959,Cell phone store,01405-089959,,4,Vivo Authorized Brand Shop- Mobile Touch4.0(3)Cell phone store
Ma Mobile Servicing,1671439551,Cell phone accessory store,01671-439551,,5,Ma Mobile Servicing5.0(1)Cell phone accessory store
Vision Electronics Bazar Mirpur,1600293909,Electronics store,01600-293909,,3.7,Vision Electronics Bazar Mirpur3.7(6)Electronics store
JS Enterprise ( CCTV Camera shop ),1818814200,Camera store,01818-814200,,4.9,JS Enterprise ( CCTV Camera shop )4.9(101)Camera store
Maa Telecom,1921565895,Cell phone store,01921-565895,,5,Maa Telecom5.0(2)Cell phone store
realme Official Store,1718144721,Cell phone store,01718-144721,,3.7,realme Official Store3.7(13)Cell phone store
TECNO Brand Shop-Mirpur-10,1825375080,Shopping mall,01825-375080,,4.5,TECNO Brand Shop-Mirpur-104.5(21)Shopping mall
Symphony Mobile Shope,1841414233,Cell phone store,01841-414233,,4.3,Symphony Mobile Shope4.3(3)Cell phone store
Walton Plaza Mirpur-11,,Electronics store,,,4.2,Walton Plaza Mirpur-114.2(220)Electronics store
MI Official Store,1772060655,Cell phone store,01772-060655,,4.4,MI Official Store4.4(25)Cell phone store
Oraimo Exclusive Brand Shop ( TAREK TELECOM),1970669996,Cell phone store,01970-669996,,4.7,Oraimo Exclusive Brand Shop ( TAREK TELECOM)4.7(6)Cell phone store
Mirpur Mobile Service Centre,1717336864,Mobile phone repair shop,01717-336864,,3.8,Mirpur Mobile Service Centre3.8(4)Mobile phone repair shop
Walton Plaza Mirpur-10,1678048572,Electronics store,01678-048572,,4.1,Walton Plaza Mirpur-104.1(287)Electronics store
Mobile Land-3,,Cell phone store,,,4.4,Mobile Land-34.4(5)Cell phone store
SAMSUNG,1710104762,Cell phone store,01710-104762,,4.3,SAMSUNG4.3(43)Cell phone store
Underground Mobile Market,1615322311,Cell phone store,01615-322311,,5,Underground Mobile Market5.0(3)Cell phone store
Tecno official shop,,Cell phone store,,,4.4,Tecno official shop4.4(11)Cell phone store
Vivo official brand shop Mirpur,,Cell phone store,,,4.8,Vivo official brand shop Mirpur4.8(8)Cell phone store
Huawei Experience Store,1911383103,Cell phone store,01911-383103,,5,Huawei Experience Store5.0(2)Cell phone store
Ab techno,1885530680,Cell phone store,01885-530680,,5,Ab techno5.0(1)Cell phone store
OPPO Showroom - Mobile House-2 -Company Shop,1610161757,Cell phone store,01610-161757,,4.7,OPPO Showroom - Mobile House-2 -Company Shop4.7(88)Cell phone store
Fair Telecom,1716417610,Cell phone store,01716-417610,,4.5,Fair Telecom4.5(2)Cell phone store
Rahman Mobile Zone,1759261000,Cell phone store,01759-261000,,5,Rahman Mobile Zone5.0(3)Cell phone store
Wintel Mobile & Computer,1718144721,Cell phone accessory store,01718-144721,,4.3,Wintel Mobile & Computer4.3(22)Cell phone accessory store
Rahman mobile Oppo vivo realme xiaomi samsung all kinds of mobile phone seller.,1819466283,Cell phone store,01819-466283,,4.9,Rahman mobile Oppo vivo realme xiaomi samsung all kinds of mobile phone seller.4.9(7)Cell phone store
Ayman telecom,1707752782,Cell phone store,01707-752782,,4.8,Ayman telecom4.8(10)Cell phone store
OPPO Brand Shop : Shahjalal (R.) Enterprise,1712080898,Cell phone store,01712-080898,,4.1,OPPO Brand Shop : Shahjalal (R.) Enterprise4.1(45)Cell phone store
TECNO Brand Outlet-Mirpur,1911911421,Electronics company,01911-911421,,4,"TECNO Brand Outlet-Mirpur4.0(1,100)Electronics company"
Mirpur dhaka,,Cell phone store,,,5,Mirpur dhaka5.0(1)Cell phone store
Infinix official Store (mobile Touch-3),,Cell phone store,,,4.2,Infinix official Store (mobile Touch-3)4.2(21)Cell phone store
Samsung Showroom,1830424246,Cell phone store,01830-424246,,4.7,Samsung Showroom4.7(23)Cell phone store
Goriber Gadget - Mirpur 10,1701667080,Cell phone store,01701-667080,,4.1,Goriber Gadget - Mirpur 104.1(15)Cell phone store
Huawei Smartphone Outlet,,Cell phone store,,,3.8,Huawei Smartphone Outlet3.8(55)Cell phone store
GADGET N GADGET,1976270004,Cell phone store,01976-270004,,3.5,GADGET N GADGET3.5(48)Cell phone store
One Way Mobile Mart,1971115185,Cell phone store,01971-115185,,4,One Way Mobile Mart4.0(2)Cell phone store
Mirpur telecom,1979399992,Cell phone store,01979-399992,,5,Mirpur telecom5.0(1)Cell phone store
Korean Mobile Shop,1911235862,Cell phone store,01911-235862,,3.9,Korean Mobile Shop3.9(21)Cell phone store
HONOR Experience Shop - Mobile Bazar,,Cell phone store,,,5,HONOR Experience Shop - Mobile Bazar5.0(1)Cell phone store
Bismillah Mobile Gallery,1971118855,Cell phone store,01971-118855,,4.8,Bismillah Mobile Gallery4.8(16)Cell phone store
Infinix Official Store,1946687501,Cell phone store,01946-687501,,4.9,Infinix Official Store4.9(19)Cell phone store
OPPO Showroom Gazi Mobile Mart,1933445124,Cell phone store,01933-445124,,4.5,OPPO Showroom Gazi Mobile Mart4.5(92)Cell phone store
Gadget & Gear - Mirpur 11,1322883303,Cell phone store,01322-883303,,4.6,Gadget & Gear - Mirpur 114.6(201)Cell phone store
MI STORE.MIRPUR 1 Right Telecom,1974446699,Cell phone store,01974-446699,,4.4,MI STORE.MIRPUR 1 Right Telecom4.4(65)Cell phone store
Nokia Store Bangladesh,1677278490,Cell phone store,01677-278490,,3.9,Nokia Store Bangladesh3.9(441)Cell phone store
Walton store mirpur,1978344844,Cell phone store,01978-344844,,4,Walton store mirpur4.0(250)Cell phone store
Mirpur Realme Store-Mobile City,1710365888,Cell phone store,01710-365888,,4.4,Mirpur Realme Store-Mobile City4.4(18)Cell phone store
Mobile Gadget,,Cell phone accessory store,,,5,Mobile Gadget5.0(2)Cell phone accessory store
Vivo Official Store | Mirpur 10,1799555215,Cell phone store,01799-555215,,4.3,Vivo Official Store | Mirpur 104.3(166)Cell phone store
Mobile King2& Smart Gadgets,1677307376,Cell phone store,01677-307376,,3.9,Mobile King2& Smart Gadgets3.9(186)Cell phone store
(X-telecom)samsung authorized shop mirpur 10,1777799297,Cell phone store,01777-799297,,4.9,(X-telecom)samsung authorized shop mirpur 104.9(48)Cell phone store
Gadget & Gear - Mirpur 1,1615400400,Cell phone store,01615-400400,,4.9,Gadget & Gear - Mirpur 14.9(45)Cell phone store
MEEM MOBILE SHOP Mirpur 11,1711487624,Cell phone store,01711-487624,,3.7,MEEM MOBILE SHOP Mirpur 113.7(147)Cell phone store
"Global gadget & covers, Xiaomi realme samsang vivo oppo Mobile Shop And All Kinds Of Accessories",1939578971,Cell phone store,01939-578971,,4.6,"Global gadget & covers, Xiaomi realme samsang vivo oppo Mobile Shop And All Kinds Of Accessories4.6(36)Cell phone store"
F.M Trade International,1715934848,Cell phone store,01715-934848,,3.5,F.M Trade International3.5(67)Cell phone store
Gadgets Plus,1811115753,Gadgets PlusNo reviewsCell phone store,01811-115753,,,"Shop No-609, Level-06, Tropical Alauddin Tower, Rajlokkhi, UttaraOpen"
Hisense Flagship Store Uttara 4 | Fair Electronics,1730795746,Electronics company,01730-795746,,4.7,Hisense Flagship Store Uttara 4 | Fair Electronics4.7(17)Electronics company
Joynal Market,1736284072,,01736-284072,,3.9,"Joynal Market3.9(1,806)MarketOpen"
SAMSUNG EXCLUSIVE BRAND SHOP,1302579048,SAMSUNG EXCLUSIVE BRAND SHOPNo reviewsCell phone store,01302-579048,,,Opens 10 AM Fri
Zim Mobile Point,1946363985,Zim Mobile PointNo reviewsCell phone store,01946-363985,,,"Shop No-2, Level-3, Amir Complex, UttaraOpen"
Khan- 2,1680800680,Cell phone store,01680-800680,,5,Khan- 25.0(1)Cell phone store
Brothers Telecom,,Cell phone store,,,5,Brothers Telecom5.0(1)Cell phone store
Mobile Care & Servicing Center,1734044414,Mobile phone repair shop,01734-044414,,5,Mobile Care & Servicing Center5.0(1)Mobile phone repair shop
Mollah Telecom,1672281182,Mollah TelecomNo reviewsCell phone store,01672-281182,,,"Shop 511, 5th Floor, North Tower, Sector 07, UttaraCloses soon"
Huawei Experience Store,1720833611,Cell phone store,01720-833611,,3.5,Huawei Experience Store3.5(4)Cell phone store
Hello World,1913117733,Hello WorldNo reviewsCell phone store,01913-117733,,,"Shop- 42, 3rd Floor, Amir Complex, Sec- 3, UttaraOpen"
Amir Complex,1906302067,Shopping mall,01906-302067,,4,"Amir Complex4.0(5,006)Shopping mall"
"Dazzle - Centrepoint Shopping Mall ( Near Airport, Uttara)",9638001122,Cell phone store,09638-001122,,4.9,"Dazzle - Centrepoint Shopping Mall ( Near Airport, Uttara)4.9(319)Cell phone store"
Rafiqul Telecom & Servicing Center,1924943518,Mobile phone repair shop,01924-943518,,5,Rafiqul Telecom & Servicing Center5.0(1)Mobile phone repair shop
S.A Telecom,1783955255,Electronics store,01783-955255,,4.8,S.A Telecom4.8(11)Electronics store
TECNO Flagship Outlet - Centrepoint Uttara,1335089920,Cell phone store,01335-089920,,4.6,TECNO Flagship Outlet - Centrepoint Uttara4.6(45)Cell phone store
Ekushey Telecom 2,1711073736,Cell phone store,01711-073736,,4,Ekushey Telecom 24.0(1)Cell phone store
Haier Flagship Showroom - Uttara,1321142887,Appliance store,01321-142887,,4.3,Haier Flagship Showroom - Uttara4.3(13)Appliance store
"Mascot Plaza - Uttara,Dhaka",,Shopping mall,,,4.1,"Mascot Plaza - Uttara,Dhaka4.1(16,765)Shopping mall"
"YOUCHA PREMIUM BUBBLE MILK TEA, Uttara Dhaka Bangladesh",1948558257,Soft drinks shop,01948-558257,,4.3,"YOUCHA PREMIUM BUBBLE MILK TEA, Uttara Dhaka Bangladesh4.3(25)"
Exchange HuB,1700743371,Cell phone store,01700-743371,,3.7,Exchange HuB3.7(7)Cell phone store
AHP Samsung Smart Zone,1977908043,AHP Samsung Smart ZoneNo reviewsCell phone store,01977-908043,,,Closes 11:30 PM
Smartphone,1971100786,Cell phone store,01971-100786,,4,Smartphone4.0(4)Cell phone store
Mobile expo,1715818535,Cell phone store,01715-818535,,5,Mobile expo5.0(42)Cell phone store
